From;To;Type;Through;start_x;start_y;stop_x;stop_y;adjacency_rule_name;Comment
x93B4C3;x8185F7;sea;-1;6100;482;6122;477;;Sarpath
x8185F7;xD3DE71;sea;-1;6128;471;6135;460;;Sarpath
x71c1ec;xed7baf;sea;-1;2443;2850;2455;2850;;Blumeto
xa9d4bb;xf0b29b;sea;-1;2101;2776;2087;2774;;Leptaria
xd4f25d;xf7efe8;sea;-1;2281;1752;2277;1759;;Amberwick
x6afaef;xd0ecdb;sea;-1;2926;1023;2931;1026;;Uzurkilima
xC2C1CC;xB1D0BB;sea;-1;820;1663;829;1676;;Iharkhan
xdd44d4;xef4af7;sea;-1;381;1147;389;1123;;Kamishinba
xef4af7;xce47f4;sea;-1;386;1116;351;1111;;Kamishinba
xd2b8b5;x45ecca;sea;-1;1122;1347;1131;1352;;Khangawa-Grommok
xc8f3b3;x9fc5ba;sea;-1;629;917;642;915;;Nisiguchi-Mongorokku
xF5CDE4;x9EBFFD;sea;-1;5118;1795;5125;1795;;Serbinelle
x81c285;x934017;special;-1;3452;1388;3551;1868;;fortune_skies_1--->unnamed_bay
x81c285;xbb69f1;special;-1;3452;1388;3742;2095;;fortune_skies_1--->brokenpillar
x0A1205;x24fc2c;special;-1;2657;2315;1665;3609;;--->central zalaron skies 1
x012136;x6D80F3;special;-1;2191;1658;1495;3612;;shipshatter-->midwest zaloron skies
x012136;x571135;special;-1;2191;1658;1501;3613;;shipshatter-->southwest zalaron skies
x6D80F3;x571135;special;-1;1496;3613;1500;3613;;midwest-->southwest zalaron skies
x1d092e;x571135;special;-1;2165;1338;1501;3613;;citrus currents-->southwest zalaron skies
xf18fb8;x0fc192;special;-1;557;3610;796;2010;;birdie bay skies-->birdie bay
x0fc193;x0ecaca;special;-1;596;3610;1121;2000;;east bird skies-->wherever tf it connects to idk man
xe887c1;xf61cf2;special;-1;1487;3613;2201;1810;;shoulderskies-->windmere
xe887c1;xddbca7;special;-1;1487;3613;2221;1847;;shoulderskies-->hollowbrook
xe887c1;xf2f3cc;special;-1;1487;3613;2205;1886;;shoulderskies-->shadowfen
xe887c1;xc7acce;special;-1;1487;3613;2174;1931;;shoulderskies-->spronkergroen
xe887c1;xe979a0;special;-1;1487;3613;2254;1949;;shoulderskies-->klingelweide
xe887c1;xc1c7b6;special;-1;1487;3613;2358;1943;;shoulderskies-->vonkendam
xe887c1;x91b8e2;special;-1;1487;3613;2318;1910;;shoulderskies-->snaarberg
xe887c1;xb7a1c5;special;-1;1487;3613;2269;1854;;shoulderskies-->rivertide
xe887c1;x012136;special;-1;1487;3613;2191;1658;;shoulderskies-->shipshatter
xe887c1;xa3aa59;special;-1;1487;3613;1480;3613;;shoulderskies-->ravenwatch skies
xa3aa59;x6D80F3;special;-1;1480;3613;1496;3613;;ravenwatch skies-->midwest zalaron
xa3aa59;xc8f96a;special;-1;1480;3613;2079;1867;;ravenwatch skies-->emberfall
xa3aa59;xb6f1ea;special;-1;1480;3613;2074;1910;;ravenwatch skies-->ravenholme
xa3aa59;xf7efbb;special;-1;1480;3613;2140;1845;;ravenwatch skies-->dawnridge
xa3aa59;xe6ade4;special;-1;1480;3613;2127;1923;;ravenwatch skies-->valorn
xa3aa59;xeed589;special;-1;1480;3613;2113;1973;;ravenwatch skies-->rijmvallei
xa3aa59;xfadb38;special;-1;1480;3613;2073;1988;;ravenwatch skies-->ratelberg
x9423b7;xa3aa59;special;-1;1472;3613;1480;3613;;west ravik skies-->ravenwatch skies
x9423b7;xf8ecda;special;-1;1472;3613;2033;2025;;west ravik skies-->klompwijk
x9423b7;xd9f2c3;special;-1;1472;3613;2190;2050;;west ravik skies-->tinkelhoven
x9423b7;x71f2f4;special;-1;1472;3613;2174;2082;;west ravik skies-->kwetterdijk
x9423b7;xf164aa;special;-1;1472;3613;2096;2048;;west ravik skies-->fluitbos
x9423b7;xd192cb;special;-1;1472;3613;2093;2077;;west ravik skies-->vonkplein
x9423b7;xeef9f4;special;-1;1472;3613;2049;2110;;west ravik skies-->tikkerhaven
x9423b7;x074d01;special;-1;1472;3613;2018;2198;;west ravik skies-->black channel
xA6C067;xe887c1;special;-1;1452;3613;1487;3613;;thaghizhi heights-->shoulderskies
xA6C067;x8cc6ba;special;-1;1452;3613;2413;1770;;thaghizhi heights-->thagizhi
xA6C067;xe1fd4e;special;-1;1452;3613;2352;1791;;thaghizhi heights-->navoyazh
xA6C067;xb4cf81;special;-1;1452;3613;2349;1820;;thaghizhi heights-->shinakhad
xA6C067;xd6ee06;special;-1;1453;3613;1456;3613;;thaghizhi heights-->khaduran skies
xd6ee06;xda88d8;special;-1;1456;3613;2436;1722;;khaduran skies-->nakokain
xd6ee06;xf1fd63;special;-1;1456;3613;2425;1707;;khaduran skies-->keenavazh
xd6ee06;xb19bb2;special;-1;1456;3613;2382;1649;;khaduran skies-->dinashin
xd6ee06;xf8b173;special;-1;1457;3613;2434;1663;;khaduran skies-->keenavok
xd6ee06;x012136;special;-1;1457;3613;2268;1680;;khaduran skies-->shipshatter
x1d9e44;x012136;special;-1;1460;3613;2268;1680;;diyanikhadd basin skies-->shipshatter
x1d9e44;xd6ee06;special;-1;1460;3613;1457;3613;;diyanikhadd basin skies-->khaduran skies
x1d9e44;x99e1a5;special;-1;1460;3613;2401;1584;;diyanikhadd basin skies-->shinogozh
x1d9e44;xd8e4f3;special;-1;1460;3613;2437;1485;;diyanikhadd basin skies-->shibaduai
x1d9e44;xf1dcb1;special;-1;1460;3613;2367;1456;;diyanikhadd basin skies-->nakothai
x1d9e44;xc47498;special;-1;1460;3613;1464;3613;;diyanikhadd basin skies-->tsiidiiyah heights
xf892b1;xc47498;special;-1;2518;1485;1464;3613;;shanakong-->tsiidiiyah heights
xc678d9;xc47498;special;-1;2583;1417;1464;3613;;mlimashwari-->tsiidiiyah heights
xedc5c3;xc47498;special;-1;2493;1409;1464;3613;;yazhinava-->tsiidiiyah heights
xf2d08f;xc47498;special;-1;2566;1358;1464;3613;;bongsaf-->tsiidiiyah heights
x48f613;xc47498;special;-1;1468;3613;1464;3613;;skravend skies-->tsiidiiyah heights
x48f613;x66f2ee;special;-1;1468;3613;2692;1359;;skravend skies-->pwaniqilima
x48f613;xfe32d3;special;-1;1468;3613;2658;1326;;skravend skies-->mawimbimaji
x48f613;xb1fb96;special;-1;1468;3613;2627;1278;;skravend skies-->kijitoqwa
x48f613;xcd8ee0;special;-1;1468;3613;2700;1279;;skravend skies-->pwaniqwa
x48f613;x6ee86b;special;-1;1468;3613;1448;3613;;skravend skies-->citrus winds
x48f613;x5b310e;special;-1;1468;3613;1445;3613;;skravend skies-->petal heights
x6ee86b;x5b310e;special;-1;1448;3613;1445;3613;;citrus winds-->petal heights
x6ee86b;xe2a8c7;special;-1;1448;3613;2615;1182;;citrus winds-->swahailuk
x6ee86b;xe72fed;special;-1;1448;3613;2677;1203;;citrus winds-->mawinguchanya
x6ee86b;xc073ea;special;-1;1448;3613;2754;1187;;citrus winds-->jitonkanya
x98d567;x5b310e;special;-1;1440;3613;1445;3613;;cloudless skies-->petal heights
xf6dc97;x5b310e;special;-1;2818;1240;1445;3613;;majimba-->petal heights
x50f7e9;x5b310e;special;-1;2777;1328;1445;3613;;sawamaji-->petal heights
x98d567;x5b310e;special;-1;1440;3613;1445;3613;;cloudless skies-->petal heights
x98d567;x947ff4;special;-1;1440;3613;2805;1455;;cloudless skies-->intiwina
x98d567;x524ba5;special;-1;1440;3613;1436;3613;;cloudless skies-->barren skies
x2a2ee7;x524ba5;special;-1;1432;3613;1436;3613;;goldenpass skies-->barren skies
x2a2ee7;xcfd2ba;special;-1;1432;3613;2481;1560;;goldenpass skies-->navakai
x2a2ee7;xcfd2ba;special;-1;1432;3613;2529;1609;;goldenpass skies-->suyanaku
x2a2ee7;xdbce87;special;-1;1432;3613;2514;1693;;goldenpass skies-->wamanpata
x2a2ee7;x1d9e44;special;-1;1432;3613;1460;3613;;goldenpass skies-->diyanikhadd basin skies
xe887c1;x961802;special;-1;1487;3613;1427;3613;;shoulderskies-->klingel heights
x9423b7;x961802;special;-1;1472;3613;1427;3613;;west ravik skies-->klingel heights
xd5a97b;x961802;special;-1;2290;2017;1427;3613;;krulwilgen-->klingel heights
x72e6b0;x961802;special;-1;2281;1988;1427;3613;;snaargracht-->klingel heights
x5bdaf7;x961802;special;-1;2225;1992;1427;3613;;klingelberg-->klingel heights
xf48978;x961802;special;-1;2244;2066;1427;3613;;klingelmeer-->klingel heights
xf7b462;x961802;special;-1;2280;2080;1427;3613;;smeergoed-->klingel heights
xf8b665;x961802;special;-1;2313;2052;1427;3613;;smidsgroen-->klingel heights
x24bb5e;x0ed40a;special;-1;1416;3613;1421;3613;;sprankel skies-->north lake skies
x24bb5e;x961802;special;-1;1416;3613;1427;3613;;sprankel skies-->klingel heights
x24bb5e;xb8f260;special;-1;1416;3613;2332;2120;;sprankel skies-->pieperhaven
x24bb5e;xcbab80;special;-1;1416;3613;2279;2152;;sprankel skies-->timmersteen
x24bb5e;x074d01;special;-1;1416;3613;2018;2198;;sprankel skies-->black channel
x0ed40a;x961802;special;-1;1421;3613;1427;3613;;north lake skies-->klingel heights
x0ed40a;x87e593;special;-1;1421;3613;2381;2020;;north lake skies-->glimmerdam
x0ed40a;xee38e0;special;-1;1421;3613;2439;2015;;north lake skies-->timmerhaven
x0ed40a;xf1ef85;special;-1;1421;3613;2369;2070;;north lake skies-->fluitveld
x0ed40a;x14fbe8;special;-1;1421;3613;2409;2093;;north lake skies-->bellenbos
x0ed40a;xd7cc72;special;-1;1421;3613;1411;3613;;north lake skies-->moonview skies
x0ed40a;x81b455;special;-1;1421;3613;1393;3613;;north lake skies-->misty heights
xbcd8f6;x81b455;special;-1;2504;1986;1393;3613;;windsong-->misty heights
x9a85fd;x81b455;special;-1;2607;2051;1393;3613;;stormwatch-->misty heights
xc7e8b4;x81b455;special;-1;2545;1977;1393;3613;;mistvale-->misty heights
x59e1c1;x81b455;special;-1;2569;1982;1393;3613;;silvercrest-->misty heights
x67cfe7;x81b455;special;-1;2564;1933;1393;3613;;thornfield-->misty heights
x088515;x81b455;special;-1;1400;3613;1393;3613;;south lake skies-->misty heights
x088515;x94b4b5;special;-1;1400;3613;2390;1890;;south lake skies-->bellenberg
x088515;xbcd2b6;special;-1;1400;3613;2442;1911;;south lake skies-->brightwater
x088515;xd6b3e9;special;-1;1400;3613;2514;1912;;south lake skies-->stormholm
x088515;xc674d2;special;-1;1400;3613;2470;1848;;south lake skies-->sundale
x088515;xbdd46a;special;-1;1400;3613;2532;1857;;south lake skies-->whitestone
xe887c1;x088515;special;-1;1487;3613;1400;3613;;shoulderskies-->south lake skies
xd7cc72;x81b455;special;-1;1410;3613;1393;3613;;moonview skies-->misty heights
xd7cc72;xe422f2;special;-1;1410;3613;2459;2105;;moonview skies-->vurrvallei
xd7cc72;xa1d599;special;-1;1410;3613;2481;2061;;moonview skies-->ironwood
xd7cc72;x66fcfb;special;-1;1410;3613;2516;2089;;moonview skies-->moonshade
xd7cc72;xf940cc;special;-1;1410;3613;2457;2166;;moonview skies-->glimmerwoud
xd7cc72;xfbf3e9;special;-1;1410;3613;2510;2167;;moonview skies-->grinwald
xd7cc72;xee5fb4;special;-1;1410;3613;2555;2114;;moonview skies-->havenshire
xd7cc72;x931b75;special;-1;1410;3613;1382;3613;;moonview skies-->west amethyst heights
xfbd4d1;x931b75;special;-1;2559;2188;1382;3613;;mistdal-->west amethyst heights
xe5dca0;x931b75;special;-1;2580;2123;1382;3613;;everlund-->west amethyst heights
xd5e97d;x931b75;special;-1;2610;2194;1382;3613;;stjerrenfal-->west amethyst heights
xa59bc7;x931b75;special;-1;2657;2132;1382;3613;;farreach-->west amethyst heights
xb19bb3;x931b75;special;-1;2660;2214;1382;3613;;elzekoepel-->west amethyst heights
xf1cefb;x931b75;special;-1;2628;2102;1382;3613;;highmoor-->west amethyst heights
x24fc2c;x931b75;special;-1;1387;3613;1382;3613;;roughstone skies-->west amethyst heights
x24fc2c;x87e5b3;special;-1;1387;3613;2809;2234;;roughstone skies-->savage lands 2
x24fc2c;x8fa9d1;special;-1;1387;3613;2845;2134;;roughstone skies-->bloodaxe territory
x24fc2c;x89c0fc;special;-1;1387;3613;2737;2146;;roughstone skies-->savage lands
xfc9379;xdc8b7c;special;-1;2976;2244;1377;3613;;snailbane-->dead sea skies
xab8fbc;xdc8b7c;special;-1;2925;2321;1377;3613;;roughstone territory-->dead sea skies
x24fc2c;xdc8b7c;special;-1;1387;3613;1377;3613;;roughstone skies-->dead sea skies
x24fc2c;x4a1f1f;special;-1;1387;3613;1358;3613;;roughstone skies-->oldslope skies
xbc8bf6;x4a1f1f;special;-1;2692;2046;1358;3613;;tinkuyuq-->oldslope skies
xa5e0e0;x4a1f1f;special;-1;1362;3613;1358;3613;;yellow valley heights-->oldslope skies
xa5e0e0;xd8cfb6;special;-1;1362;3613;2635;1944;;yellow valley heights-->kunturpampa
xa5e0e0;x81b455;special;-1;1362;3613;1393;3613;;yellow valley heights-->misty heights
x01a920;xdc8b7c;special;-1;1342;3613;1377;3613;;saltgate heights-->dead sea skies
x01a920;x7c4e02;special;-1;1342;3613;1372;3613;;saltgate heights-->skimmersskies
x01a920;x9ef09f;special;-1;1342;3613;3002;2406;;saltgate heights-->roughstone 2
x01a920;xc8c6e2;special;-1;1342;3613;3056;2441;;saltgate heights-->sinnebran
x7c4e02;xdc8b7c;special;-1;1372;3613;1377;3613;;skimmersskies-->dead sea skies
x7c4e02;xfbf91c;special;-1;1372;3613;2808;2355;;skimmersskies-->skimmersfjild
x7c4e02;xc987f8;special;-1;1372;3613;2849;2389;;skimmersskies-->flinterwiidte
x7c4e02;xec22f9;special;-1;1372;3613;2890;2417;;skimmersskies-->sulverstream
x7c4e02;x4b01c5;special;-1;1372;3613;1367;3613;;skimmersskies-->east amethyst heights
x4b01c5;x931b75;special;-1;1367;3613;1382;3613;;east amethyst heights-->west amethyst heights
x4b01c5;xdaa8d0;special;-1;1367;3613;2753;2368;;east amethyst heights-->natuurbruzje
x2a2ee7;x51a14c;special;-1;1432;3613;1404;3613;;goldenpass skies-->qomerqocha skies
x088515;x51a14c;special;-1;1400;3613;1404;3613;;south lake skies-->qomerqocha skies
xb9a2d9;x51a14c;special;-1;2504;1779;1404;3613;;qomerqocha-->qomerqocha skies
x643454;x7fc19f;special;-1;1149;3613;1196;955;;drukyn skies-->bay of lanterns (south)
xe5943e;x7fc19f;special;-1;1135;3613;1196;955;;skies1-->bay of lanterns (south)
xe5943e;xa916aa;special;-1;1135;3613;1128;3613;;skies1-->kyrzur skies
xe5943e;x35e613;special;-1;1135;3613;1120;3613;;skies1-->skies3
x68484D;x35e613;special;-1;1037;3613;1120;3613;;mountain desmesne-->skies3
x922174;x68484D;special;-1;1018;3613;1037;3613;;nilbog skies-->mountain desmesne
x922174;x8b2b55;special;-1;1018;3613;999;3613;;nilbog skies-->north lanternshore skies
x922174;x1e95bc;special;-1;1018;3613;962;3613;;nilbog skies-->hooked winds
x1e95bc;xe85f26;special;-1;962;3613;7951;1755;;hooked winds-->skies4
x2a3e2b;x1e95bc;special;-1;1033;1448;962;3613;;southwestern scaletides-->hooked winds
xa916aa;x35e613;special;-1;1128;3613;1120;3613;;kyrzur skies-->skies3
xa916aa;x846e53;special;-1;1128;3613;1081;3613;;kyrzur skies-->khulanjo skies
x843B4E;x846e53;special;-1;1062;3613;1081;3613;;kiyomorin skies-->khulanjo skies
x843B4E;x1e95bc;special;-1;1062;3613;962;3613;;kiyomorin skies-->hooked winds
xa9180d;x846e53;special;-1;1050;3613;1081;3613;;skies7-->khulanjo skies
xa9180d;xe85f26;special;-1;1050;3613;7951;1755;;skies7-->skies4
xa9180d;xd9a71f;special;-1;1050;3613;468;1101;;skies7-->the water lmao
x1d0734;xe85f26;special;-1;668;1477;7951;1755;;sea of eyes-->skies4
xcefcd7;xe85f26;special;-1;1163;3613;1405;1214;;shirhuajian skies-->emperor's marbles THIS SEA STATE SOUNDS LIKE A EUPHEMISM
xcefcd7;xc1b3b3;special;-1;1163;3613;1288;1187;;shirhuajian skies-->bazkyl
x526B12;xA6DC20;special;-1;1154;3613;1159;3613;;oasis skies-->pukaraqocha skies
x526B12;x6f4ce0;special;-1;1154;3613;2883;1788;;oasis skies-->bay of new fortune
x526B12;xb0d4f2;special;-1;1154;3613;2705;1651;;oasis skies-->oasis
x526B12;xA162CC;special;-1;1154;3613;1170;3613;;oasis skies-->pisqupataa skies
xA162CC;x6f4ce0;special;-1;1170;3613;2883;1788;;pisqupataa skies-->bay of new fortune
x15153C;xA162CC;special;-1;1175;3613;1170;3613;;mikhuyuq winds-->pisqupataa skies
x15153C;x6f4ce0;special;-1;1175;3613;2883;1788;;mikhuyuq winds-->bay of new fortune
x15153C;xF9917D;special;-1;1175;3613;1180;3613;;mikhuyuq winds-->taytaqocha skies
xe2e34a;xF9917D;special;-1;2810;1966;1180;3613;;taytaqocha-->taytaqocha skies
x6f4ce0;xF9917D;special;-1;2883;1788;1180;3613;;bay of new fortune-->taytaqocha skies
x1916b0;xF9917D;special;-1;1352;3613;1180;3613;;savage skies-->taytaqocha skies
x1916b0;x13dfb7;special;-1;1352;3613;1348;3613;;savage skies-->maplelake skies
x1916b0;xb0b9bd;special;-1;1352;3613;2958;2044;;savage skies-->savage reach
xde79cc;x13dfb7;special;-1;3057;2158;1348;3613;;thirstridge-->maplelake skies
xb686bb;x13dfb7;special;-1;3124;2198;1348;3613;;bloodthorn wastes 2-->maplelake skies
x750581;x13dfb7;special;-1;1332;3613;1348;3613;;kumaska skies-->maplelake skies
x750581;x82c9f9;special;-1;1332;3613;3404;2143;;kumaska skies-->hanalla
x750581;x2be7ec;special;-1;1332;3613;3340;2203;;kumaska skies-->kumaska
x5d51b9;x051a24;special;-1;1337;3613;3226;2772;;idk peninsula skies-->steepcliff coast
x5d51b9;xdf54ee;special;-1;1337;3613;3231;2612;;idk peninsula skies-->trankvilejo
x5d51b9;xe5c08c;special;-1;1337;3613;3184;2601;;idk peninsula skies-->insuleco
x5d51b9;xe5c08c;special;-1;1337;3613;1328;3613;;idk peninsula skies-->verdskies
xc161b7;xe5c08c;special;-1;1323;3613;1328;3613;;krovadoran skies-->verdskies
xaed3f8;xe5c08c;special;-1;3242;2547;1328;3613;;verdfaldo   -->verdskies
xa6d7e7;xe5c08c;special;-1;3250;2450;1328;3613;;florbordo-->verdskies
x89bb15;x051a24;special;-1;1312;3613;3226;2772;;montego heights-->steepcliff coast
x89bb15;xe89399;special;-1;1312;3613;3355;2444;;montego heights-->zalanix
x89bb15;xe5c08c;special;-1;1312;3613;1328;3613;;montego heights-->verdskies
xc161b7;xf4f795;special;-1;1323;3613;3274;2419;;krovadoran skies-->votilan
xc161b7;xfc74b7;special;-1;1323;3613;3227;2389;;krovadoran skies-->fikolik
xc161b7;xef0569;canal_wolkara;-1;1323;3613;1317;3613;;krovadoran skies-->wolkara heights
x750581;xef0569;canal_wolkara;-1;1332;3613;1317;3613;;kumaska skies-->wolkara heights
xfe86fc;xef0569;special;-1;3283;2292;1317;3613;;banokik-->wolkara heights
x89bb15;x051a24;special;-1;1312;3613;3226;2772;;montego heights-->
x01a920;x2b858d;special;-1;1342;3613;1307;3613;;saltgate heights-->fiercehold heights
x8bed91;x2b858d;special;-1;3118;2334;1307;3613;;fiercehold-->fiercehold heights
xb85412;xc280f1;special;-1;1293;3613;1297;3613;;cantremember skies-->istrana skies
xb85412;xf199a3;special;-1;1293;3613;3607;3187;;cantremember skies-->istrana skies
xb85412;xf5c9ba;special;-1;1293;3613;3604;2279;;cantremember skies-->foban
xb85412;xb992cc;special;-1;1293;3613;3540;2227;;cantremember skies-->mipolik
xb85412;xb992cc;special;-1;1293;3613;1282;3613;;cantremember skies-->kamuy peaks
xfcb9f1;xb992cc;special;-1;3601;2056;1282;3613;;sukonco_3-->kamuy peaks
xf53efb;xb992cc;special;-1;3633;2139;1282;3613;;sukonco_2-->kamuy peaks
xaae578;xb992cc;special;-1;3652;2107;1282;3613;;sukonco_2 split-->kamuy peaks
xb6c1d0;xb992cc;special;-1;3560;2113;1282;3613;;inamgi_2-->kamuy peaks
x794c2e;x95b4bc;special;-1;1277;3613;5109;208;;paylazi heights-->dragon landing
x794c2e;xd7f872;special;-1;1277;3613;5306;92;;paylazi heights-->hellenova tp
x794c2e;x84cac3;special;-1;1277;3613;-1;-1;;paylazi heights-->hellenova
x794c2e;x8ac9ee;special;-1;1277;3613;5376;33;;paylazi heights-->greos
x794c2e;xee39ed;special;-1;1277;3613;-1;-1;;paylazi heights-->artaxiahan
x794c2e;xe3a185;special;-1;1277;3613;-1;-1;;paylazi heights-->elenikar tp
x794c2e;xc09f23;special;-1;3537;1869;1272;3613;;muschelhavn landing-->south sukonskies
x794c2e;xefa218;special;-1;3537;1869;1267;3613;;muschelhavn landing-->flussholm skies
xe1ea7b;xc09f23;special;-1;3649;1993;1272;3613;;sukonco-->south sukonskies
x2ee350;xb992cc;special;-1;1287;3613;1282;3613;;chronicle heights-->kamuy peaks
x2ee350;x3fddf0;special;-1;1287;3613;3538;2038;;chronicle heights-->inamgi_3
x2ee350;xe8eab6;special;-1;1287;3613;3486;2073;;chronicle heights-->inamgi
x2ee350;xb8efac;special;-1;1287;3613;3451;2096;;chronicle heights-->hanalla_4
xc280f1;xef0569;canal_wolkara;-1;1297;3613;1317;3613;;istrana skies-->wolkara heights
xc280f1;xdeb1f5;special;-1;1297;3613;3454;2244;;istrana skies-->zalulik
xc280f1;xdac49c;special;-1;1297;3613;3462;2185;;istrana skies-->hanalla_3
xc280f1;xe0ada4;special;-1;1297;3613;3510;2163;;istrana skies-->hanalla_2
xefa218;xc09f23;special;-1;1267;3613;1272;3613;;flussholm skies-->south sukonskies
xefa218;xc0e0bb;special;-1;1267;3613;3668;1921;;flussholm skies-->kunchi
xefa218;xdf85a4;special;-1;1267;3613;3709;1883;;flussholm skies-->eisenmora
xefa218;xabcc82;special;-1;1267;3613;1262;3613;;flussholm skies-->zephyrskies
xe9b164;xabcc82;special;-1;3735;1943;1262;3613;;cam clochran-->zephyrskies
x98d1cb;xabcc82;special;-1;3776;1997;1262;3613;;zephyrstill 2-->zephyrskies
xf4c18d;xabcc82;special;-1;3838;2013;1262;3613;;zephyrstill-->zephyrskies
x3d828e;xabcc82;special;-1;1252;3613;1262;3613;;soliloque heights-->zephyrskies
x3d828e;xa3b4a4;special;-1;1252;3613;3874;1874;;soliloque heights-->cam rinnara
x3d828e;xd9a3c1;special;-1;1252;3613;3861;1949;;soliloque heights-->cam nuala
x3d828e;xdaeed4;special;-1;1252;3613;3804;1903;;soliloque heights-->river soliloque 2
x3d828e;x8ff9f3;special;-1;1252;3613;1257;3613;;soliloque heights-->the white skies
xfbc0fd;x8ff9f3;special;-1;3788;1848;1257;3613;;river soliloque-->the white skies
xeab073;x8ff9f3;special;-1;3785;1776;1257;3613;;the white-->the white skies
xefa218;x8ff9f3;special;-1;1267;3613;1257;3613;;flussholm skies-->the white skies
xfb9f3f;x8ff9f3;special;-1;1247;3613;1257;3613;;morassian heights-->the white skies
xcfeb75;x579a11;special;-1;4043;1709;1242;3613;;drowned lands-->drowned skies
x8fd0ec;x579a11;special;-1;3982;1690;1242;3613;;cargomire-->drowned skies
x9f0a66;x579a11;special;-1;1237;3613;1242;3613;;ican skies-->drowned skies
xfb9f3f;x579a11;special;-1;1247;3613;1242;3613;;morassian heights-->drowned skies
xfb9f3f;x6ae7e7;special;-1;1247;3613;3873;1811;;morassian heights-->beartzungul
xfb9f3f;x4ae0dd;special;-1;1247;3613;3884;1743;;morassian heights-->earthchurn
xfb9f3f;x9f0a66;special;-1;1247;3613;1237;3613;;morassian heights-->ican skies
xeab7fa;x9f0a66;special;-1;3994;1827;1237;3613;;steinzulo-->ican skies
xe5e6dd;x9f0a66;special;-1;3980;1765;1237;3613;;zaldua-->ican skies
x291364;xabcc82;special;-1;1227;3613;1262;3613;;northern feystalk skies-->zephyrskies
x291364;xddd356;special;-1;1227;3613;4002;2034;;northern feystalk skies-->northern feystalk
x291364;xeace46;special;-1;1227;3613;3925;1984;;northern feystalk skies-->cam caillaird
x291364;xef6007;special;-1;1227;3613;1232;3613;;northern feystalk skies-->southern feystalk skies
x9f0a66;xef6007;special;-1;1237;3613;1232;3613;;ican skies-->southern feystalk skies
x3d828e;xef6007;special;-1;1252;3613;1232;3613;;soliloque heights-->southern feystalk skies
xae82d4;xef6007;special;-1;4008;1923;1232;3613;;southern feystalk-->southern feystalk skies
xebed66;xef6007;special;-1;3943;1873;1232;3613;;cam liadrine-->southern feystalk skies
x866D94;xef6007;special;-1;1217;3613;1232;3613;;castlecourt heights-->southern feystalk skies
x866D94;x9f0a66;special;-1;1217;3613;1237;3613;;castlecourt heights-->ican skies
x866D94;xa3c246;special;-1;1217;3613;4175;1729;;castlecourt heights-->eireks landing
x866D94;xca929f;special;-1;1217;3613;4179;1906;;castlecourt heights-->druids chant
x866D94;xbadab9;special;-1;1217;3613;4111;1982;;castlecourt heights-->chansonbois
x866D94;x8988e7;special;-1;1217;3613;4131;1962;;castlecourt heights-->chansonbois tp
x866D94;xb7e69c;special;-1;1217;3613;4094;1907;;castlecourt heights-->castlecourt
x866D94;x291365;special;-1;1217;3613;1222;3613;;castlecourt heights-->skies of the vow
x017cfe;x291365;special;-1;4296;1738;1222;3613;;lilacshores-->skies of the vow
xa1f965;x291365;special;-1;4280;1898;1222;3613;;woods of the vow tp-->skies of the vow
xfdd49f;x291365;special;-1;4263;1865;1222;3613;;woods of the vow-->skies of the vow
xB1BF75;x291365;special;-1;1212;3613;1222;3613;;raquartes sky-->skies of the vow
xB1BF75;x1d96da;special;-1;1212;3613;1207;3613;;raquartes sky-->lakeskies_1
xfdbdd7;x1d96da;special;-1;4391;2060;1207;3613;;durans land-->lakeskies_1
xe7f137;x1d96da;special;-1;4370;2117;1207;3613;;durans land 2-->lakeskies_1
xbed978;x1d96da;special;-1;4327;2045;1207;3613;;far shore-->lakeskies_1
x1ecfd0;x1d96da;special;-1;1202;3613;1207;3613;;lakeskies_2-->lakeskies_1
x1ecfd0;xe5b3b2;special;-1;1202;3613;4550;1943;;lakeskies_2-->the amber run
x1ecfd0;xa6f4da;special;-1;1202;3613;4477;2008;;lakeskies_2-->mistreach
x1ecfd0;x5df3d0;special;-1;1202;3613;4443;1906;;lakeskies_2-->tarbank
x1ecfd0;x9dd98b;special;-1;1202;3613;1192;3613;;lakeskies_2-->hazelflight
xe0f540;x9dd98b;special;-1;4586;1862;1192;3613;;the amber run 2-->hazelflight
xe49bc9;x9dd98b;special;-1;4514;1812;1192;3613;;hazeldeep-->hazelflight
x5810AD;x9dd98b;special;-1;1517;3613;1192;3613;;equine skies-->hazelflight
x5810AD;xa391c8;special;-1;1517;3613;4625;1733;;equine skies-->dilafshan
x5810AD;xb799ca;special;-1;1517;3613;4637;1748;;equine skies-->dilafshan tp
x5810AD;xf1d750;special;-1;1517;3613;4577;1658;;equine skies-->barik
x5810AD;x9ef4d3;special;-1;1517;3613;4567;1639;;equine skies-->barik tp
x5810AD;x2bf864;special;-1;1517;3613;4703;1584;;equine skies-->horsey landing
x1ccdcc;x9dd98b;special;-1;1197;3613;1192;3613;;skies of rimelac-->hazelflight
x1ccdcc;x017cfe;special;-1;1197;3613;4296;1738;;skies of rimelac-->lilacshores
x1ccdcc;xebf6e1;special;-1;1197;3613;4380;1845;;skies of rimelac-->caves of rimelac
x1ccdcc;x291365;special;-1;1197;3613;1222;3613;;skies of rimelac-->skies of the vow
xB1BF75;x1ecfd0;special;-1;1212;3613;1202;3613;;raquartes sky-->lakeskies_2
xB1BF75;x6ac7cd;special;-1;1212;3613;4309;1949;;raquartes sky-->raquartes shield
xB1BF75;xd5f23d;special;-1;1212;3613;4370;1947;;raquartes sky-->far shore 2
x866D94;xe5e3e1;special;-1;1217;3613;1522;3613;;castlecourt heights-->emberland skies
x59814b;xe5e3e1;special;-1;1527;3613;1522;3613;;cropheart winds-->emberland skies
xf010f9;xe5e3e1;special;-1;4215;2081;1522;3613;;east emberland-->emberland skies
xa8ecc8;xe5e3e1;special;-1;4196;2008;1522;3613;;west emberland-->emberland skies
xa0aec3;xe5e3e1;special;-1;4192;1965;1522;3613;;west emberland tp-->emberland skies
xf6d4d2;xe5e3e1;special;-1;4219;2050;1522;3613;;eastern emberland tp-->emberland skies
xB1BF75;xe5e3e1;special;-1;1212;3613;1522;3613;;raquartes sky-->emberland skies
x59814b;x1d96da;special;-1;1527;3613;1207;3613;;cropheart winds-->lakeskies_1
x59814b;xa391d0;special;-1;1527;3613;4271;2094;;cropheart winds-->goldenmoor
x59814b;xc2b3c6;special;-1;1527;3613;4258;2161;;cropheart winds-->clearbough estates tp
x59814b;x28f6fb;special;-1;1527;3613;4243;2170;;cropheart winds-->clearbough estates
x59814b;xde56f8;special;-1;1527;3613;4280;2105;;cropheart winds-->goldenmoor tp
x59814b;xdf94e8;special;-1;1527;3613;4308;2189;;cropheart winds-->cropheart dale
x59814b;xa2cea8;special;-1;1527;3613;4299;2229;;cropheart winds-->cropheart dale tp
xc0f815;xe5e3e1;special;-1;1532;3613;1522;3613;;faerondale heights-->emberland skies
xc0f815;x3fd1e1;special;-1;1532;3613;1537;3613;;faerondale heights-->faolna winds
xc0f815;x291364;special;-1;1532;3613;1227;3613;;faerondale heights-->northern feystalk skies
xc0f815;x3fd1e1;special;-1;1532;3613;1537;3613;;faerondale heights-->faolna winds
xc0f815;x9dbec0;special;-1;1532;3613;4088;2102;;faerondale heights-->faerondale
xc0f815;xd28cd8;special;-1;1532;3613;4114;2129;;faerondale heights-->faerondale tp
xc0f815;x5bfaea;special;-1;1532;3613;4017;2128;;faerondale heights-->autumn hills
xc0f815;xecc083;special;-1;1532;3613;4009;2147;;faerondale heights-->autumn hills tp
xe0c5c3;x3fd1e1;special;-1;3923;2063;1537;3613;;faolna pass split-->faolna winds
xe2e185;x3fd1e1;special;-1;3937;2105;1537;3613;;faolna pass-->faolna winds
x291364;x3fd1e1;special;-1;3945;2128;1537;3613;;faolna pass tp-->faolna winds
x7bf1ab;x3fd1e1;special;-1;3953;2183;1537;3613;;pommelfall tp-->faolna winds
xfc86c4;x3fd1e1;special;-1;3950;2160;1537;3613;;pommelfall-->faolna winds
x3373ef;x3fd1e1;special;-1;1547;3613;1537;3613;;south starshimmer skies-->faolna winds
x3373ef;xdfe185;special;-1;1547;3613;3926;2271;;south starshimmer skies-->shadgol tp
x3373ef;x95c0c5;special;-1;1547;3613;3961;2252;;south starshimmer skies-->shadgol
x3373ef;x66ade3;special;-1;1547;3613;3849;2283;;south starshimmer skies-->asarshir tp
x3373ef;xdf76e5;special;-1;1547;3613;3817;2287;;south starshimmer skies-->asarshir
xd8061f;x3fd1e1;special;-1;1542;3613;1537;3613;;marblegate heights-->faolna winds
xd8061f;xcdf571;special;-1;1542;3613;4055;2265;;marblegate heights-->marblegate
xd8061f;xccd5d7;special;-1;1542;3613;4038;2239;;marblegate heights-->shirbin lowlands
xd8061f;xee93d8;special;-1;1542;3613;4073;2189;;marblegate heights-->zyrelianar tp
xd8061f;xc4e7ad;special;-1;1542;3613;4055;2196;;marblegate heights-->zyrelianar
xd8061f;x3373ef;special;-1;1542;3613;1547;3613;;marblegate heights-->south starshimmer skies
x1cc382;x3373ef;special;-1;1552;3613;1547;3613;;south anwarth skies-->south starshimmer skies
x1cc382;xbb69f1;special;-1;1552;3613;3742;2097;;south anwarth skies-->brokenpillar
x1cc382;xebe76c;special;-1;1552;3613;3768;2079;;south anwarth skies-->brokenpillar tp
x1cc382;xca68f2;special;-1;1552;3613;3786;2178;;south anwarth skies-->anwarth valley
x1cc382;xbae96b;special;-1;1552;3613;3802;2212;;south anwarth skies-->anwarth valley tp
x1cc382;xcaa0f5;special;-1;1552;3613;3898;2187;;south anwarth skies-->pommelfall_2
x1cc382;xff1587;special;-1;1552;3613;1557;3613;;south anwarth skies-->west anwarth skies
xff1587;x3373ef;special;-1;1557;3613;1547;3613;;west anwarth skies-->south starshimmer skies
xff1587;xd8b6a8;special;-1;1557;3613;3756;2242;;west anwarth skies-->anwarth valleys 2 tp
xff1587;x748dfd;special;-1;1557;3613;3734;2211;;west anwarth skies-->anwarth valleys 2
xff1587;xbfb6a7;special;-1;1557;3613;3687;2192;;west anwarth skies-->thinsilver
xff1587;xa7e5e5;special;-1;1557;3613;3704;2189;;west anwarth skies-->thinsilver tp
xff1587;xe45fb5;special;-1;1557;3613;3723;2315;;west anwarth skies-->cobalt keep
xff1587;xaeadb0;special;-1;1557;3613;3763;2301;;west anwarth skies-->cobalt keep tp
xff1587;x87b2c8;special;-1;1557;3613;3794;2373;;west anwarth skies-->parsimah tp
xff1587;xf0f4bd;special;-1;1557;3613;3820;2347;;west anwarth skies-->parsimah
xb2f287;x3373ef;special;-1;1562;3613;1547;3613;;west starshimmer skies-->south starshimmer skies
xb2f287;xff1587;special;-1;1562;3613;1557;3613;;west starshimmer skies-->west anwarth skies
xb2f287;x86e595;special;-1;1562;3613;3944;2446;;west starshimmer skies-->farashil
xb2f287;xfbf9d2;special;-1;1562;3613;3922;2390;;west starshimmer skies-->farashil tp
xb2f287;xb29efd;special;-1;1562;3613;3878;2410;;west starshimmer skies-->shirazan tp
xb2f287;xc2a1ab;special;-1;1562;3613;3881;2443;;west starshimmer skies-->shirazan
xd8061f;x53d21b;special;-1;1542;3613;1567;3613;;marblegate heights-->east starshimmer skies
xb2f287;x53d21b;special;-1;1562;3613;1567;3613;;west starshimmer skies-->east starshimmer skies
xc4c36e;x53d21b;special;-1;1572;3613;1567;3613;;north starshimmer skies-->east starshimmer skies
xc4c36e;xfa2f60;special;-1;1572;3613;4110;2688;;north starshimmer skies-->rainbowfish landing
xc4c36e;x59d7ce;special;-1;1572;3613;4091;2512;;north starshimmer skies-->desolation tp
xc4c36e;x4ad9df;special;-1;1572;3613;4144;2545;;north starshimmer skies-->desolation
xc4c36e;x8edb92;special;-1;1572;3613;4136;2518;;north starshimmer skies-->desolation
xe0f1da;x53d21b;special;-1;4114;2352;1567;3613;;high harava-->east starshimmer skies
xa497fe;x53d21b;special;-1;4103;2368;1567;3613;;high harava tp-->east starshimmer skies
xd048e3;x53d21b;special;-1;4123;2423;1567;3613;;porcelaingate tp-->east starshimmer skies
xcb4df4;x53d21b;special;-1;4093;2459;1567;3613;;porcelaingate-->east starshimmer skies
x4aecd2;x53d21b;special;-1;4041;2346;1567;3613;;marzehz tp-->east starshimmer skies
x20ebf4;x53d21b;special;-1;4000;2380;1567;3613;;marzehz-->east starshimmer skies
xc4c36e;x61282d;special;-1;1572;3613;1577;3613;;north starshimmer skies-->gateway to the wastes
xb2f287;x61282d;special;-1;1562;3613;1577;3613;;west starshimmer skies-->gateway to the wastes
xfa2f60;x61282d;special;-1;4110;2688;1577;3613;;rainbowfish landing-->gateway to the wastes
xa3f6a0;x61282d;special;-1;4033;2523;1577;3613;;azharim tp-->gateway to the wastes
xee3aec;x61282d;special;-1;4005;2541;1577;3613;;azharim-->gateway to the wastes
x7d9d6b;x61282d;special;-1;1582;3613;1577;3613;;sullenskies-->gateway to the wastes /canalme
x7d9d6b;xe59899;special;-1;1582;3613;3953;2719;;sullenskies-->nadharim
x7d9d6b;x4eedf4;special;-1;1582;3613;3946;2741;;sullenskies-->nadharim tp
x7d9d6b;xd9e1f6;special;-1;1582;3613;3871;2783;;sullenskies-->azaroon
x7d9d6b;xb07ce0;special;-1;1582;3613;3846;2776;;sullenskies-->azaroon tp
x8376d6;x4DC8AC;special;-1;1592;3613;1587;3613;;kajrando skies-->kasida heights
x8376d6;xADACB7;special;-1;1592;3613;3873;2890;;kajrando skies-->kajrando
x8376d6;xBACDD0;special;-1;1592;3613;3853;2874;;kajrando skies-->kajrando TP
x7d9d6b;x4DC8AC;special;-1;1582;3613;1587;3613;;sullenskies-->KAsida heights
x85f8b8;x4DC8AC;special;-1;4018;2798;1587;3613;;kasida tp-->KAsida heights
xaa96e2;x4DC8AC;special;-1;1582;3613;1587;3613;;kasida-->KAsida heights
xccdcb5;x4DC8AC;special;-1;3774;2910;1587;3613;;almaksuro-->KAsida heights
xf9cfae;x4DC8AC;special;-1;3939;2852;1587;3613;;zakiriya tp-->KAsida heights
xdecfab;x4DC8AC;special;-1;3912;2824;1587;3613;;zakiriya-->KAsida heights
xe489fe;x4DC8AC;special;-1;4010;2925;1587;3613;;vivari shores-->KAsida heights
xe489fe;x8376d6;special;-1;4010;2925;1592;3613;;vivari shores-->kajrando skies
x7d9d6b;x9b2375;special;-1;1582;3613;1602;3613;;sullenskies-->wastewall heights
xf5ac98;x9b2375;special;-1;3795;2599;1602;3613;;alnafhid-->wastewall heights
xf0cd44;x9b2375;special;-1;3784;2622;1602;3613;;alnafhid tp-->wastewall heights
xa4caa7;x9b2375;special;-1;3835;2547;1602;3613;;qamarud tp-->wastewall heights
x84c1de;x9b2375;special;-1;3848;2573;1602;3613;;qamurud-->wastewall heights
x7d9d6b;x9b2375;special;-1;1582;3613;1602;3613;;sullenskies-->wastewall heights
x248677;x9b2375;special;-1;1607;3613;1602;3613;;ashgate heights-->wastewall heights
x248677;x248677;special;-1;1607;3613;1597;3613;;ashgate heights-->saharando skies
x90bac2;x248677;special;-1;3735;2739;1597;3613;;esprashim-->saharando skies
x4ff5be;x248677;special;-1;3738;2783;1597;3613;;esprashim tp-->saharando skies
xe7e434;x248677;special;-1;3748;2807;1597;3613;;saharando-->saharando skies
xda8d9a;x248677;special;-1;3755;2825;1597;3613;;saharando tp-->saharando skies
xb46eee;xC951E7;special;-1;3650;2811;1612;3613;;najmakulo-->alvekskies
x248677;xafa4cb;special;-1;1607;3613;3663;2702;;ashgate heights-->alzahrud tp
x248677;xe789a0;special;-1;1607;3613;3642;2674;;ashgate heights-->alzahrud 
x248677;xe4d092;special;-1;1607;3613;3726;2677;;ashgate heights-->zahrafi
x248677;x47fed3;special;-1;1607;3613;3610;2620;;ashgate heights-->sc5
xC951E7;x248677;special;-1;1612;3613;1597;3613;;alvekskies-->saharando skies
xC951E7;x05D1F1;special;-1;1612;3613;1622;3613;;alvekskies-->kaskadvivo heights
xC951E7;xc693d0;special;-1;1612;3613;3593;2756;;alvekskies-->alvek tp
xC951E7;xf363f3;special;-1;1612;3613;3575;2739;;alvekskies-->alvek
xC951E7;xc753d5;special;-1;1612;3613;3486;2799;;alvekskies-->rugakampo landing
x248677;x05D1F1;special;-1;1607;3613;1622;3613;;ashgate heights-->kaskadvivo heights
x5F5DBB;x6ecef3;special;-1;1617;3613;3570;2565;;beanlake-->sc6
x5F5DBB;x40e0ed;special;-1;1617;3613;3598;2510;;beanlake-->sc7
x5F5DBB;xd47ee3;special;-1;1617;3613;3515;2550;;beanlake-->montroso
x5F5DBB;x05D1F1;special;-1;1617;3613;1622;3613;;beanlake-->kaskadvivo heights
xf1d6b3;x05D1F1;special;-1;3517;2704;1622;3613;;insulbela-->kaskadvivo heights
xbd89d0;x05D1F1;special;-1;3510;2651;1622;3613;;montarboa-->kaskadvivo heights
xc753d5;x05D1F1;special;-1;3486;2799;1622;3613;;rugakampo landing-->kaskadvivo heights
x5F5DBB;x03ddad;special;-1;1617;3613;1627;3613;;beanlake-->east opalath heights
x5F5DBB;x2c8b7c;special;-1;1617;3613;1632;3613;;beanlake-->lumantan heights
x2c8b7c;x03ddad;special;-1;1632;3613;1627;3613;;lumantan heights-->east opalath heights /canalme
xb7fe8a;x03ddad;special;-1;3722;2522;1627;3613;;sc9-->east opalath heights
xc461f6;x03ddad;special;-1;3706;2535;1627;3613;;sc9 tp-->east opalath heights
xf9a7ed;x03ddad;special;-1;3780;2468;1627;3613;;alqadim-->east opalath heights
xc1e4cc;x03ddad;special;-1;3645;2459;1627;3613;;sc10-->east opalath heights
xecbd86;x03ddad;special;-1;3690;2428;1627;3613;;sc8-->east opalath heights
x2c8b7c;xa6a5ac;special;-1;1632;3613;3567;2423;;lumantan heights-->pofikan
x2c8b7c;xedb6c6;special;-1;1632;3613;3495;2467;;lumantan heights-->nolipik
x2c8b7c;xe36cdd;special;-1;1632;3613;3536;2325;;lumantan heights-->bifan
x2c8b7c;xa665f0;special;-1;1632;3613;3507;2378;;lumantan heights-->kotik
x2e15d6;xbd7d2b;special;-1;2064;2972;2006;3052;;skies of rime-->unnamed_bay_1
x2e15d6;x1f2e07;special;-1;2064;2972;2507;3108;;skies of rime-->valkurian ocean 02
x2e15d6;xf64ccd;special;-1;2064;2972;2273;2957;;skies of rime-->garpatia
x2e15d6;x9ac4fd;special;-1;2064;2972;2316;2926;;skies of rime-->garpatia split
x2e15d6;xe461bb;special;-1;2064;2972;2371;2988;;skies of rime-->whakaroa
x2e15d6;x32cbf9;special;-1;2064;2972;2315;3046;;skies of rime-->pounamoa
x2e15d6;x4eecc1;special;-1;2064;2972;2246;3084;;skies of rime-->taumaroi
xFDF01D;xbd2257;special;-1;1642;3613;1647;3613;;shapeshifter skies-->lonely skies
xFDF01D;xc4c36e;special;-1;1642;3613;1572;3613;;shapeshifter skies-->north starshimmer skies
x80abd8;xbd2257;special;-1;4345;2505;1647;3613;;rochenstone tp-->lonely skies
xe3e2bc;xbd2257;special;-1;4364;2545;1647;3613;;rochenstone-->lonely skies
xd0e06e;xbd2257;special;-1;4391;2662;1647;3613;;sjetts-->lonely skies
xe4aff0;xbd2257;special;-1;4393;2633;1647;3613;;sjetts tp-->lonely skies
x91daa2;xbd2257;special;-1;4469;2641;1647;3613;;achonian highlands north-->lonely skies
x89f1e6;xbd2257;special;-1;4427;2546;1647;3613;;horseylords desmesne-->lonely skies
x3edeeb;xbd2257;special;-1;4411;2546;1647;3613;;horseylords desmesne tp-->lonely skies
x9feb22;xbd2257;special;-1;1652;3613;1647;3613;;plantation heights-->lonely skies
x9feb22;xFDF01D;special;-1;1652;3613;1642;3613;;plantation heights-->shapeshifter skies
x9feb22;xc2caa8;special;-1;1652;3613;4199;2444;;plantation heights-->overburrow
x9feb22;x2be0f5;special;-1;1652;3613;4189;2418;;plantation heights-->overburrow tp
x9feb22;x89d1cc;special;-1;1652;3613;4176;2333;;plantation heights-->newbanks
x9feb22;x64edf8;special;-1;1652;3613;4213;2367;;plantation heights-->newbanks tp
x9feb22;x3dfdfb;special;-1;1652;3613;4258;2370;;plantation heights-->upper goldenleaf
x9feb22;xe722fd;special;-1;1652;3613;4234;2330;;plantation heights-->upper goldenleaf tp
x9feb22;xd3deb1;special;-1;1652;3613;4346;2437;;plantation heights-->lower goldenleaf
x9feb22;x78eccc;special;-1;1652;3613;4351;2352;;plantation heights-->verdant vale
x9feb22;x6f7a6e;special;-1;1652;3613;1657;3613;;plantation heights-->sharpwood heights
x9feb22;x28b29f;special;-1;1652;3613;4496;2318;;plantation heights-->settlers landing
xfc5df8;x6f7a6e;special;-1;4439;2226;1657;3613;;the matches-->sharpwood heights
xacd09a;x6f7a6e;special;-1;4380;2208;1657;3613;;goldenacre-->sharpwood heights
x76d2e6;x6f7a6e;special;-1;4524;2185;1657;3613;;greencourt-->sharpwood heights
xb4faf6;x6f7a6e;special;-1;4474;2147;1657;3613;;sharpwood-->sharpwood heights
x28b29f;x6f7a6e;special;-1;4496;2318;1657;3613;;settlers landing-->sharpwood heights
x59814b;x6f7a6e;special;-1;1527;3613;1657;3613;;cropheart winds-->sharpwood heights
x1d96da;x6f7a6e;special;-1;1207;3613;1657;3613;;lakeskies_1-->sharpwood heights
xEB8516;x6f7a6e;special;-1;1667;3613;1657;3613;;yelfis winds-->sharpwood heights
xEB8516;x94bf62;special;-1;1667;3613;1677;3613;;yelfis winds-->whiskerflight
x68d774;x94bf62;special;-1;4875;2203;1677;3613;;moornshore-->whiskerflight
xEB8516;x1ecfd0;special;-1;1667;3613;1202;3613;;yelfis winds-->lakeskies_2
xEB8516;xe173e0;special;-1;1667;3613;4527;2076;;yelfis winds-->mistreach 2 tp
xEB8516;xc4d1c4;special;-1;1667;3613;4520;2091;;yelfis winds-->mistreach 2
xEB8516;xe1ca72;special;-1;1667;3613;4578;2130;;yelfis winds-->greencourt 2
xEB8516;xf2f7e7;special;-1;1667;3613;4562;2094;;yelfis winds-->greencourt 2 tp
xEB8516;xbbdef6;special;-1;1667;3613;4640;2139;;yelfis winds-->wayfare meadows 2
xEB8516;xd087cd;special;-1;1667;3613;4553;2044;;yelfis winds-->mount yelfis
xEB8516;xe67d99;special;-1;1667;3613;4633;2092;;yelfis winds-->wayfare meadows
xb85412;x2c8b7c;canal_lumanta;-1;1293;3613;1632;3613;;cantremember skies-->lumantan heights
xEB8516;xFDC231;special;-1;1667;3613;1687;3613;;yelfis winds-->STATE_ASHOVER_WINDS
x38f60c;xFDC231;special;-1;1692;3613;1687;3613;;south plaguewood skies-->STATE_ASHOVER_WINDS
x1ecfd0;xFDC231;special;-1;1202;3613;1687;3613;;lakeskies_2-->STATE_ASHOVER_WINDS
x9dd98b;xFDC231;special;-1;1192;3613;1687;3613;;hazelflight-->STATE_ASHOVER_WINDS
xe39e98;xFDC231;special;-1;4596;1945;1687;3613;;amber run 3-->STATE_ASHOVER_WINDS
xdefc1d;xFDC231;special;-1;4604;1961;1687;3613;;amber run 3 tp-->STATE_ASHOVER_WINDS
x38f60c;x5810AD;special;-1;1692;3613;1517;3613;;south plaguewood skies-->equine skies
x38f60c;xc998fd;special;-1;1692;3613;4629;1801;;south plaguewood skies-->plaguewood hinterlands 2
x38f60c;x8cdba9;special;-1;1692;3613;4640;1788;;south plaguewood skies-->plaguewood hinterlands 2 tp
x38f60c;x83f8e4;special;-1;1692;3613;4706;1829;;south plaguewood skies-->forests heart 3
x38f60c;x49defe;special;-1;1692;3613;4696;1834;;south plaguewood skies-->forests heart 3 tp
x38f60c;x92ea8f;special;-1;1692;3613;4718;1781;;south plaguewood skies-->plaguewood hinterlands
x38f60c;xd4f456;special;-1;1692;3613;4706;1783;;south plaguewood skies-->plaguewood hinterlands tp
x38f60c;xe8db33;special;-1;1692;3613;4764;1782;;south plaguewood skies-->plaguewood hinterlands 3 tp
x38f60c;xa3adce;special;-1;1692;3613;4776;1800;;south plaguewood skies-->plaguewood hinterlands 3
x38f60c;x79ceb7;special;-1;1692;3613;4823;1881;;south plaguewood skies-->forests heart
x38f60c;x79a2fe;special;-1;1692;3613;4816;1870;;south plaguewood skies-->forests heart tp
x38f60c;xA0F598;special;-1;1692;3613;1707;3613;;south plaguewood skies-->east plaguewinds
x33d286;xA0F598;special;-1;1702;3613;1707;3613;;north plaguewinds-->east plaguewinds
x33d286;xFDC231;special;-1;1702;3613;1687;3613;;north plaguewinds-->ashover winds
x33d286;x94bf62;special;-1;1702;3613;1677;3613;;north plaguewinds-->whiskerflight
x33d286;xbe7ec9;special;-1;1702;3613;4871;2035;;north plaguewinds-->orcbane pass 2 tp
x33d286;x9bdada;special;-1;1702;3613;4882;2025;;north plaguewinds-->orcbane pass 2
x33d286;xc07ef9;special;-1;1702;3613;4840;1994;;north plaguewinds-->eastern plaguewood 2 tp
x33d286;xe0beaa;special;-1;1702;3613;4821;1998;;north plaguewinds-->eastern plaguewood 2
xf4c371;xA0F598;special;-1;4886;1928;1707;3613;;eastern plaguewood-->east plaguewinds
xd39db3;xA0F598;special;-1;4877;1936;1707;3613;;eastern plaguewood tp-->east plaguewinds
x60d4c8;xA0F598;special;-1;4955;1988;1707;3613;;orcbane pass-->east plaguewinds 
xb2eef7;xA0F598;special;-1;4951;1970;1707;3613;;orcbane pass tp-->east plaguewinds 
xf5a48b;xA0F598;special;-1;4927;1924;1707;3613;;forests heart 3_2 tp-->east plaguewinds 
x38f60c;x7c086f;special;-1;1692;3613;1712;3613;;south plaguewinds-->nogi skies
xf49ff4;x7c086f;special;-1;4879;1815;1712;3613;;cogsrest tp-->nogi skies
x91d8ea;x7c086f;special;-1;4880;1836;1712;3613;;cogsrest-->nogi skies
xb1b896;x7c086f;special;-1;4917;1797;1712;3613;;nogi sands-->nogi skies
xdee837;x7c086f;special;-1;4914;1767;1712;3613;;nogi sands tp-->nogi skies
x0b2159;x7c086f;special;-1;4858;1687;1712;3613;;yavira landing-->nogi skies
x2f8624;x7c086f;special;-1;1722;3613;1712;3613;;vozmead heights-->nogi skies
x2f8624;x65c7fa;special;-1;1722;3613;5024;1737;;vozmead heights-->gravelrock road west
x2f8624;xb58bcd;special;-1;1722;3613;5075;1716;;vozmead heights-->gravelrock road east
x2f8624;xd464c4;special;-1;1722;3613;5151;1721;;vozmead heights-->skypiercer peak tp
x2f8624;xe98bf3;special;-1;1722;3613;5140;1716;;vozmead heights-->skypiercer peak
x2f8624;xc9a2e1;special;-1;1722;3613;5198;1658;;vozmead heights-->dwarvenhammer
x2f8624;xbcbcfa;special;-1;1722;3613;-1;-1;;vozmead heights-->cloudsilver spine cool trick huh?
x2f8624;x367ab1;special;-1;1722;3613;5295;1674;;vozmead heights-->vozmead landing
x0b2159;x38f60c;special;-1;4858;1687;1692;3613;;yavira landing-->south plaguewinds
x794c2e;xe7360d;special;-1;1277;3613;1742;3613;;paylazi heights-->senekskies
xe7360d;x95b4bc;special;-1;1742;3613;5109;208;;senekskies-->dragon landing
xe7360d;xd0f6ba;special;-1;1742;3613;5325;250;;senekskies-->namtsoosi tp
xe7360d;xb4f1a0;special;-1;1742;3613;5387;337;;senekskies-->tsegyalnipiy tp
xe7360d;xefb0e9;special;-1;1742;3613;5418;351;;senekskies-->tsegyalnipiy
xe7360d;xd155ed;special;-1;1742;3613;5519;269;;senekskies-->potalanipiy
xe7360d;xd3e36f;special;-1;1742;3613;5487;250;;senekskies-->potalanipiy tp
xEFB3B1;xd682a8;special;-1;1752;3613;5606;471;;khamoskies-->khamoski tp
xEFB3B1;xb28cd8;special;-1;1752;3613;5591;490;;khamoskies-->khamoski
xEFB3B1;xa39f24;special;-1;1752;3613;5547;626;;khamoskies-->bodhisattva landing
xEFB3B1;x9f994e;special;-1;1752;3613;1757;3613;;khamoskies-->seerskies
xfba1d7;x9f994e;special;-1;5634;414;1757;3613;;ganden-->seerskies
xbbf3bf;x9f994e;special;-1;5660;416;1757;3613;;ganden tp-->seerskies
xa1b5c9;x9f994e;special;-1;5579;320;1757;3613;;lhashi tp-->seerskies
xb1ddb5;x9f994e;special;-1;5607;331;1757;3613;;lhashi-->seerskies
xf7be46;x9f994e;special;-1;5762;326;1757;3613;;tsurwa-->seerskies
xfcdabe;x9f994e;special;-1;5684;317;1757;3613;;tsurwa tp-->seerskies
x82c240;x9f994e;special;-1;1762;3613;1757;3613;;sadhana heights-->seerskies
xEFB3B1;x82c240;special;-1;1752;3613;1762;3613;;khamoskies-->sadhana heights
x9f994e;xe7360d;special;-1;1757;3613;1742;3613;;seerskies-->senekskies
x18963f;x82c240;special;-1;5990;528;1762;3613;;slithershores-->sadhana heights
xe78988;x82c240;special;-1;5828;522;1762;3613;;chintan tp-->sadhana heights
xd7d3ec;x82c240;special;-1;5795;487;1762;3613;;chintan-->sadhana heights
xb7c7e5;x82c240;special;-1;5842;346;1762;3613;;yarluwandu tp-->sadhana heights
xfa68c5;x82c240;special;-1;5885;405;1762;3613;;sadhana-->sadhana heights
xf6f91d;x82c240;special;-1;5893;480;1762;3613;;sadhana tp-->sadhana heights
xfd3821;x900c5a;special;-1;5404;2726;1802;3613;;tarshore-->upland heights
xde7e63;x900c5a;special;-1;5764;2583;1802;3613;;merchants landing-->upland heights
xe994be;x900c5a;special;-1;5555;2477;1802;3613;;south highlands tp-->upland heights
xb8d67e;x900c5a;special;-1;5552;2503;1802;3613;;south highlands-->upland heights
x73e3a1;x900c5a;special;-1;5583;2590;1802;3613;;highpass-->upland heights
xd741f9;x900c5a;special;-1;5584;2563;1802;3613;;highpass tp-->upland heights
x3afcbf;x900c5a;special;-1;5513;2663;1802;3613;;tarpits-->upland heights
xc4fde8;x900c5a;special;-1;5511;2643;1802;3613;;tarpits tp-->upland heights
xee7cd7;x900c5a;special;-1;5628;2702;1802;3613;;north highlands-->upland heights
xe8e036;x900c5a;special;-1;5625;2676;1802;3613;;north highlands tp-->upland heights
xa262df;x900c5a;special;-1;1807;3613;1802;3613;;crownpeak heights-->upland heights
xa262df;xde7e63;special;-1;1807;3613;5764;2583;;crownpeak heights-->merchants landing
xa262df;xc7f7cc;special;-1;1807;3613;5744;2745;;crownpeak heights-->serontain
xa262df;xd98b95;special;-1;1807;3613;5775;2726;;crownpeak heights-->serontain tp
xa262df;xf4b6b2;special;-1;1807;3613;5839;2762;;crownpeak heights-->crownpeak
xa262df;xf08bce;special;-1;1807;3613;5837;2735;;crownpeak heights-->crownpeak tp
xa262df;x90f8fc;special;-1;1807;3613;-1;-1;;crownpeak heights-->inveringar
xa262df;xaf77d1;special;-1;1807;3613;5916;2694;;crownpeak heights-->inveringar tp
xd6ecd9;xc47498;special;-1;2514;1281;1464;3613;;thassarcian shores-->tsiidiiyah heights
x48f613;xd6ecd9;special;-1;1468;3613;2514;1281;;skravend skies-->thassarcian shores